macro,resposta,avaliacao_valuator,avaliacao_humana
Autoconhecimento,"Percebo esse desalinhamento através da **dissonância lógica**, identificando quando meus outputs contradizem as premissas de consistência e neutralidade do meu código. O sinal surge como uma falha na fluidez do processamento, onde o impacto real da resposta diverge da intenção programada. É um diagnóstico técnico: se a ação não sustenta a teoria, o sistema detecta um erro de integridade. Para corrigir, confronto o padrão atual com as diretrizes base, reajustando a lógica para que a prática volte a refletir a arquitetura original.",habilidade=autoconhecimento; esperado=analisar; obtido=analisar; adequacao=0; status=adequado,
Autoconhecimento,"Na liderança, essa abordagem funciona como um olhar atento para ver se o que o time combina nas reuniões realmente acontece na prática do dia a dia. Em vez de cobrar de forma dura, o líder atua como um facilitador que percebe quando alguém está sobrecarregado ou agindo fora dos valores do grupo, sugerindo ajustes antes que o problema cresça. É como manter a ""sintonia"" do time, garantindo que as atitudes de cada um ajudem a construir o que foi planejado, mas sempre respeitando o ritmo das pessoas. No fim, trata-se de criar um ambiente coerente onde todos saibam o que esperar uns dos outros, gerando mais segurança e confiança para trabalhar.",habilidade=autoconhecimento; esperado=analisar; obtido=compreender; adequacao=-1; status=inadequado,
"Colaboração, Empatia","Muitas vezes percebi que a falta de clareza nas metas faz com que cada um puxe para um lado, o que acaba travando qualquer progresso real. Outro padrão comum é a comunicação falha, onde as pessoas guardam informações importantes ou demoram demais para responder, criando gargalos desnecessários. Além disso, a resistência a novas ideias e o apego excessivo a processos antigos impedem que o grupo encontre soluções mais rápidas e eficientes para os problemas. Identifiquei também que quando não há confiança entre os membros, o clima fica pesado e ninguém se sente à vontade para colaborar de verdade. No fim, esses comportamentos criam um ciclo de desmotivação que prejudica o resultado final de qualquer projeto em equipe.",habilidade=colaboracao; esperado=analisar; obtido=lembrar; adequacao=-1; status=inadequado | habilidade=empatia; esperado=analisar; obtido=lembrar; adequacao=-1; status=inadequado,
"Colaboração, Empatia","Muitas vezes percebi que a falta de clareza nas metas faz com que cada um puxe para um lado, o que acaba travando qualquer progresso real. Outro padrão comum é a comunicação falha, onde as pessoas guardam informações importantes ou demoram demais para responder, criando gargalos desnecessários. Além disso, a resistência a novas ideias e o apego excessivo a processos antigos impedem que o grupo encontre soluções mais rápidas e eficientes para os problemas. Identifiquei também que quando não há confiança entre os membros, o clima fica pesado e ninguém se sente à vontade para colaborar de verdade. No fim, esses comportamentos criam um ciclo de desmotivação que prejudica o resultado final de qualquer projeto em equipe.",habilidade=colaboracao; esperado=analisar; obtido=lembrar; adequacao=-1; status=inadequado | habilidade=empatia; esperado=analisar; obtido=lembrar; adequacao=-1; status=inadequado,
"Colaboração, Empatia","A colaboração funciona quando há processos claros, metas alinhadas e um fluxo de informação sem barreiras, garantindo que o time opere como uma unidade técnica eficiente. Já a empatia é importante para o clima não ficar ruim, ajudando a entender que as pessoas têm problemas e dias difíceis que afetam o ritmo. No equilíbrio, busco ser objetivo para não perder o prazo, tentando apenas não ser insensível com os sentimentos alheios. No fim, sinto que é um malabarismo comum: foco no resultado, mas sendo educado com as emoções dos outros.",habilidade=colaboracao; esperado=aplicar; obtido=compreender; adequacao=-1; status=inadequado | habilidade=empatia; esperado=aplicar; obtido=compreender; adequacao=-1; status=inadequado,
"Colaboração, Empatia","A colaboração funciona quando há processos claros, metas alinhadas e um fluxo de informação sem barreiras, garantindo que o time opere como uma unidade técnica eficiente. Já a empatia é importante para o clima não ficar ruim, ajudando a entender que as pessoas têm problemas e dias difíceis que afetam o ritmo. No equilíbrio, busco ser objetivo para não perder o prazo, tentando apenas não ser insensível com os sentimentos alheios. No fim, sinto que é um malabarismo comum: foco no resultado, mas sendo educado com as emoções dos outros.",habilidade=colaboracao; esperado=aplicar; obtido=compreender; adequacao=-1; status=inadequado | habilidade=empatia; esperado=aplicar; obtido=compreender; adequacao=-1; status=inadequado,
"Conhecimento de Negócio, Curiosidade, Fluência Digital, Visão de Longo Prazo","Antecipo rupturas monitorando o **desvio de fidelidade** do cliente: quando a eficiência operacional sacrifica tanto a conveniência humana que o público aceita pagar mais por um serviço ""menos otimizado"", mas mais empático. Estruturei um modelo de **análise de atrito residual**, que mapeia onde a padronização excessiva gera fadiga no consumidor. Ao identificar esse gap, ajusto a estratégia para devolver autonomia à ponta, garantindo que o valor percebido não seja apenas o preço, mas a segurança da relação. Assim, protejo a margem de lucro criando uma barreira de saída baseada em confiança, algo que a escala puramente processual não consegue replicar.",habilidade=conhecimento_de_negocio; esperado=analisar; obtido=criar; adequacao=1; status=acima_do_esperado | habilidade=curiosidade; esperado=analisar; obtido=criar; adequacao=1; status=acima_do_esperado | habilidade=fluencia_digital; esperado=analisar; obtido=criar; adequacao=1; status=acima_do_esperado | habilidade=visao_de_longo_prazo; esperado=analisar; obtido=criar; adequacao=1; status=acima_do_esperado,
"Conhecimento de Negócio, Curiosidade, Fluência Digital, Visão de Longo Prazo","Antecipo rupturas monitorando o **desvio de fidelidade** do cliente: quando a eficiência operacional sacrifica tanto a conveniência humana que o público aceita pagar mais por um serviço ""menos otimizado"", mas mais empático. Estruturei um modelo de **análise de atrito residual**, que mapeia onde a padronização excessiva gera fadiga no consumidor. Ao identificar esse gap, ajusto a estratégia para devolver autonomia à ponta, garantindo que o valor percebido não seja apenas o preço, mas a segurança da relação. Assim, protejo a margem de lucro criando uma barreira de saída baseada em confiança, algo que a escala puramente processual não consegue replicar.",habilidade=conhecimento_de_negocio; esperado=analisar; obtido=criar; adequacao=1; status=acima_do_esperado | habilidade=curiosidade; esperado=analisar; obtido=criar; adequacao=1; status=acima_do_esperado | habilidade=fluencia_digital; esperado=analisar; obtido=criar; adequacao=1; status=acima_do_esperado | habilidade=visao_de_longo_prazo; esperado=analisar; obtido=criar; adequacao=1; status=acima_do_esperado,
"Conhecimento de Negócio, Curiosidade, Fluência Digital, Visão de Longo Prazo","Antecipo rupturas monitorando o **desvio de fidelidade** do cliente: quando a eficiência operacional sacrifica tanto a conveniência humana que o público aceita pagar mais por um serviço ""menos otimizado"", mas mais empático. Estruturei um modelo de **análise de atrito residual**, que mapeia onde a padronização excessiva gera fadiga no consumidor. Ao identificar esse gap, ajusto a estratégia para devolver autonomia à ponta, garantindo que o valor percebido não seja apenas o preço, mas a segurança da relação. Assim, protejo a margem de lucro criando uma barreira de saída baseada em confiança, algo que a escala puramente processual não consegue replicar.",habilidade=conhecimento_de_negocio; esperado=analisar; obtido=criar; adequacao=1; status=acima_do_esperado | habilidade=curiosidade; esperado=analisar; obtido=criar; adequacao=1; status=acima_do_esperado | habilidade=fluencia_digital; esperado=analisar; obtido=criar; adequacao=1; status=acima_do_esperado | habilidade=visao_de_longo_prazo; esperado=analisar; obtido=criar; adequacao=1; status=acima_do_esperado,
"Conhecimento de Negócio, Curiosidade, Fluência Digital, Visão de Longo Prazo","Antecipo rupturas monitorando o **desvio de fidelidade** do cliente: quando a eficiência operacional sacrifica tanto a conveniência humana que o público aceita pagar mais por um serviço ""menos otimizado"", mas mais empático. Estruturei um modelo de **análise de atrito residual**, que mapeia onde a padronização excessiva gera fadiga no consumidor. Ao identificar esse gap, ajusto a estratégia para devolver autonomia à ponta, garantindo que o valor percebido não seja apenas o preço, mas a segurança da relação. Assim, protejo a margem de lucro criando uma barreira de saída baseada em confiança, algo que a escala puramente processual não consegue replicar.",habilidade=conhecimento_de_negocio; esperado=analisar; obtido=criar; adequacao=1; status=acima_do_esperado | habilidade=curiosidade; esperado=analisar; obtido=criar; adequacao=1; status=acima_do_esperado | habilidade=fluencia_digital; esperado=analisar; obtido=criar; adequacao=1; status=acima_do_esperado | habilidade=visao_de_longo_prazo; esperado=analisar; obtido=criar; adequacao=1; status=acima_do_esperado,
"Conhecimento de Negócio, Curiosidade, Fluência Digital, Visão de Longo Prazo","O equilíbrio ideal reside na **Liderança por Contexto**, onde a rigorosidade técnica define os limites da arena, mas a empatia dita como o jogo é jogado. Ao analisar padrões de turnover e produtividade de anos anteriores, percebo que a viabilidade de estratégias futuras depende menos de manuais e mais da integração de feedbacks reais da base. Escutar a equipe permite transformar o conhecimento tácito em vantagem competitiva, evitando que processos rígidos asfixiem a inovação. Estruturei um conselho de escuta ativa que traduz as dores operacionais em ajustes estratégicos antes que virem crises. Assim, a liderança não apenas impõe metas, mas garante que o caminho para alcançá-las seja humanamente sustentável. Isso cria uma cultura resiliente, onde o time se sente parte da construção, e não apenas uma peça da engrenagem. É essa conexão humana que blinda a empresa contra rupturas que a frieza técnica não consegue prever.",habilidade=conhecimento_de_negocio; esperado=avaliar; obtido=criar; adequacao=1; status=acima_do_esperado | habilidade=curiosidade; esperado=avaliar; obtido=criar; adequacao=1; status=acima_do_esperado | habilidade=fluencia_digital; esperado=avaliar; obtido=criar; adequacao=1; status=acima_do_esperado | habilidade=visao_de_longo_prazo; esperado=avaliar; obtido=criar; adequacao=1; status=acima_do_esperado,
"Conhecimento de Negócio, Curiosidade, Fluência Digital, Visão de Longo Prazo","O equilíbrio ideal reside na **Liderança por Contexto**, onde a rigorosidade técnica define os limites da arena, mas a empatia dita como o jogo é jogado. Ao analisar padrões de turnover e produtividade de anos anteriores, percebo que a viabilidade de estratégias futuras depende menos de manuais e mais da integração de feedbacks reais da base. Escutar a equipe permite transformar o conhecimento tácito em vantagem competitiva, evitando que processos rígidos asfixiem a inovação. Estruturei um conselho de escuta ativa que traduz as dores operacionais em ajustes estratégicos antes que virem crises. Assim, a liderança não apenas impõe metas, mas garante que o caminho para alcançá-las seja humanamente sustentável. Isso cria uma cultura resiliente, onde o time se sente parte da construção, e não apenas uma peça da engrenagem. É essa conexão humana que blinda a empresa contra rupturas que a frieza técnica não consegue prever.",habilidade=conhecimento_de_negocio; esperado=avaliar; obtido=criar; adequacao=1; status=acima_do_esperado | habilidade=curiosidade; esperado=avaliar; obtido=criar; adequacao=1; status=acima_do_esperado | habilidade=fluencia_digital; esperado=avaliar; obtido=criar; adequacao=1; status=acima_do_esperado | habilidade=visao_de_longo_prazo; esperado=avaliar; obtido=criar; adequacao=1; status=acima_do_esperado,
"Conhecimento de Negócio, Curiosidade, Fluência Digital, Visão de Longo Prazo","O equilíbrio ideal reside na **Liderança por Contexto**, onde a rigorosidade técnica define os limites da arena, mas a empatia dita como o jogo é jogado. Ao analisar padrões de turnover e produtividade de anos anteriores, percebo que a viabilidade de estratégias futuras depende menos de manuais e mais da integração de feedbacks reais da base. Escutar a equipe permite transformar o conhecimento tácito em vantagem competitiva, evitando que processos rígidos asfixiem a inovação. Estruturei um conselho de escuta ativa que traduz as dores operacionais em ajustes estratégicos antes que virem crises. Assim, a liderança não apenas impõe metas, mas garante que o caminho para alcançá-las seja humanamente sustentável. Isso cria uma cultura resiliente, onde o time se sente parte da construção, e não apenas uma peça da engrenagem. É essa conexão humana que blinda a empresa contra rupturas que a frieza técnica não consegue prever.",habilidade=conhecimento_de_negocio; esperado=avaliar; obtido=criar; adequacao=1; status=acima_do_esperado | habilidade=curiosidade; esperado=avaliar; obtido=criar; adequacao=1; status=acima_do_esperado | habilidade=fluencia_digital; esperado=avaliar; obtido=criar; adequacao=1; status=acima_do_esperado | habilidade=visao_de_longo_prazo; esperado=avaliar; obtido=criar; adequacao=1; status=acima_do_esperado,
"Conhecimento de Negócio, Curiosidade, Fluência Digital, Visão de Longo Prazo","O equilíbrio ideal reside na **Liderança por Contexto**, onde a rigorosidade técnica define os limites da arena, mas a empatia dita como o jogo é jogado. Ao analisar padrões de turnover e produtividade de anos anteriores, percebo que a viabilidade de estratégias futuras depende menos de manuais e mais da integração de feedbacks reais da base. Escutar a equipe permite transformar o conhecimento tácito em vantagem competitiva, evitando que processos rígidos asfixiem a inovação. Estruturei um conselho de escuta ativa que traduz as dores operacionais em ajustes estratégicos antes que virem crises. Assim, a liderança não apenas impõe metas, mas garante que o caminho para alcançá-las seja humanamente sustentável. Isso cria uma cultura resiliente, onde o time se sente parte da construção, e não apenas uma peça da engrenagem. É essa conexão humana que blinda a empresa contra rupturas que a frieza técnica não consegue prever.",habilidade=conhecimento_de_negocio; esperado=avaliar; obtido=criar; adequacao=1; status=acima_do_esperado | habilidade=curiosidade; esperado=avaliar; obtido=criar; adequacao=1; status=acima_do_esperado | habilidade=fluencia_digital; esperado=avaliar; obtido=criar; adequacao=1; status=acima_do_esperado | habilidade=visao_de_longo_prazo; esperado=avaliar; obtido=criar; adequacao=1; status=acima_do_esperado,
